,RNA_NAME,Regression coefficient,R-square
0,hsa-mir-520b,0.11448,0.23297585
1,hsa-mir-518f,0.06466,0.06767649
2,hsa-mir-200b,0.03491,0.0660897
3,hsa-mir-944,0.04477,0.06564436
4,hsa-mir-337,0.05949,0.05877586
5,hsa-mir-215,0.03504,0.05063614
6,hsa-mir-512-1,0.04844,0.045602
7,hsa-mir-181b-2,0.06743,0.04422811
8,hsa-mir-331,0.08555,0.04217044
9,hsa-mir-518d,0.1451,0.04179962
10,hsa-mir-516a-1,0.04963,0.0415831
11,hsa-mir-381,0.04189,0.03499235
12,hsa-mir-519d,0.05652,0.03392159
13,hsa-mir-17,0.06866,0.02695214
14,hsa-let-7g,0.09716,0.02616051
15,hsa-mir-135a-2,0.02492,0.02508421
16,hsa-mir-496,0.0422,0.02359288
17,hsa-mir-362,0.06451,0.02353605
18,hsa-mir-6509,0.08503,0.02334533
19,hsa-mir-328,0.04592,0.02251287
20,hsa-mir-506,0.05503,0.02176067
21,hsa-mir-454,0.07858,0.02141659
22,hsa-mir-200c,0.0173,0.01868577
23,hsa-mir-539,0.03272,0.01769077
24,hsa-mir-324,0.05907,0.01701032
25,hsa-mir-199b,0.02914,0.01659353
26,hsa-mir-6511b-2,0.08278,0.01635941
27,hsa-mir-516a-2,0.03119,0.01597192
28,hsa-mir-512-2,0.02866,0.01589725
29,hsa-mir-615,0.0402,0.01482893
30,hsa-mir-374c,0.09804,0.01467551
31,hsa-mir-129-2,0.02788,0.01417142
32,hsa-mir-21,0.04117,0.01409621
33,hsa-mir-5589,0.08937,0.01405788
34,hsa-mir-526b,0.02443,0.01386818
35,hsa-mir-508,0.02041,0.0135688
36,hsa-mir-191,0.05314,0.01349418
37,hsa-mir-518a-1,0.03544,0.0132061
38,hsa-mir-183,0.02167,0.012946
39,hsa-mir-203a,0.01427,0.01290947
40,hsa-mir-542,0.03574,0.01288088
41,hsa-mir-375,0.01204,0.01237276
42,hsa-mir-543,0.0346,0.01209814
43,hsa-mir-138-2,0.03268,0.01207973
44,hsa-mir-497,0.04603,0.01197758
45,hsa-mir-19b-2,0.04448,0.01194896
46,hsa-mir-376c,0.02921,0.01191355
47,hsa-mir-33b,0.04119,0.01185739
48,hsa-mir-4788,0.0693,0.01172794
49,hsa-mir-137,0.03225,0.01152674
50,hsa-mir-23b,0.04483,0.0114936
51,hsa-mir-369,0.0272,0.0114616
52,hsa-mir-301b,0.03983,0.010998
53,hsa-mir-181a-1,0.03574,0.01094948
54,hsa-mir-326,0.03843,0.01088062
55,hsa-mir-105-1,0.01611,0.01062925
56,hsa-mir-521-1,0.03471,0.01062803
57,hsa-mir-299,0.02844,0.01057221
58,hsa-mir-200a,0.0138,0.01033622
59,hsa-mir-223,0.02883,0.01026439
60,hsa-mir-532,0.04687,0.00983057
61,hsa-mir-6510,0.02925,0.00980205
62,hsa-mir-143,0.02707,0.00968883
63,hsa-mir-181c,0.03434,0.0096514
64,hsa-mir-382,0.02343,0.0095938
65,hsa-mir-361,0.065,0.00944225
66,hsa-mir-449a,0.03172,0.0094143
67,hsa-mir-101-2,0.04147,0.00937511
68,hsa-mir-487a,0.03209,0.00905215
69,hsa-mir-346,0.0483,0.00899952
70,hsa-mir-190b,0.03334,0.00833005
71,hsa-mir-34c,0.02232,0.0083036
72,hsa-mir-1298,0.03711,0.00820491
73,hsa-mir-96,0.02305,0.00818889
74,hsa-mir-505,0.0408,0.00812465
75,hsa-let-7i,0.03739,0.00810139
76,hsa-mir-26a-1,0.05233,0.00809786
77,hsa-mir-219a-2,0.01463,0.00803616
78,hsa-mir-598,0.02589,0.00803611
79,hsa-mir-379,0.01973,0.00799012
80,hsa-mir-877,0.04118,0.00792983
81,hsa-mir-127,0.02026,0.00784295
82,hsa-mir-423,0.05528,0.00778319
83,hsa-mir-20a,0.03069,0.00760567
84,hsa-mir-3942,0.08006,0.00753323
85,hsa-mir-520g,0.02465,0.00751419
86,hsa-mir-5586,0.0406,0.00734664
87,hsa-mir-3610,0.06023,0.00709097
88,hsa-mir-509-3,0.02026,0.00707398
89,hsa-mir-18b,0.04508,0.00698518
90,hsa-mir-345,0.02507,0.00665587
91,hsa-mir-885,0.02007,0.0066129
92,hsa-mir-4443,0.0677,0.00659798
93,hsa-mir-671,0.04343,0.00655601
94,hsa-mir-106a,0.02203,0.00648871
95,hsa-mir-128-1,0.02991,0.00644843
96,hsa-mir-203b,0.01368,0.00637861
97,hsa-mir-187,0.01595,0.0063459
98,hsa-mir-3928,0.04942,0.00629159
99,hsa-mir-632,0.07613,0.00612744
100,hsa-mir-1271,0.03812,0.00598324
101,hsa-mir-130a,0.02711,0.00595217
102,hsa-mir-31,0.01369,0.0059429
103,hsa-mir-224,0.01637,0.00582518
104,hsa-mir-526a-1,0.06681,0.0057728
105,hsa-mir-527,0.0231,0.00576767
106,hsa-mir-627,0.04976,0.00575722
107,hsa-mir-150,0.01679,0.00566515
108,hsa-mir-628,0.02998,0.00559835
109,hsa-mir-4684,0.11665,0.00559349
110,hsa-mir-3614,0.02703,0.00552516
111,hsa-mir-153-2,0.01851,0.00541814
112,hsa-mir-122,0.01577,0.0053505
113,hsa-mir-409,0.01829,0.00530958
114,hsa-mir-675,0.01346,0.00530199
115,hsa-mir-4421,0.10107,0.00525993
116,hsa-mir-504,0.03528,0.00525137
117,hsa-mir-30e,0.0423,0.00515419
118,hsa-mir-449b,0.03856,0.00510623
119,hsa-mir-450a-1,0.02534,0.00499617
120,hsa-mir-378a,0.02218,0.00493773
121,hsa-mir-6818,0.11802,0.00492437
122,hsa-mir-891b,0.04032,0.00491831
123,hsa-mir-488,0.02752,0.0049026
124,hsa-mir-3605,0.04084,0.00480209
125,hsa-mir-487b,0.0186,0.00477491
126,hsa-mir-651,0.02958,0.00476422
127,hsa-mir-520e,0.02118,0.0047565
128,hsa-mir-3189,0.0705,0.00475576
129,hsa-mir-2115,0.05001,0.00472422
130,hsa-mir-767,0.0099,0.00457994
131,hsa-mir-486-2,0.01856,0.00454617
132,hsa-mir-142,0.01685,0.00453714
133,hsa-mir-556,0.04678,0.00448963
134,hsa-mir-129-1,0.01587,0.00445219
135,hsa-mir-3652,0.04369,0.00439114
136,hsa-mir-541,0.02682,0.00438524
137,hsa-mir-5699,0.04916,0.00436774
138,hsa-mir-1296,0.02565,0.00428374
139,hsa-mir-202,0.01912,0.00419728
140,hsa-mir-664b,0.03511,0.00416704
141,hsa-mir-1537,0.07512,0.00416078
142,hsa-mir-590,0.03018,0.00415949
143,hsa-mir-124-2,0.0215,0.00414031
144,hsa-mir-216b,0.02527,0.00412168
145,hsa-mir-431,0.01405,0.00409084
146,hsa-mir-6514,0.06419,0.00406606
147,hsa-mir-452,0.01605,0.00404176
148,hsa-mir-1910,0.04543,0.00402854
149,hsa-mir-548s,0.0595,0.00401772
150,hsa-mir-592,0.01867,0.00398647
151,hsa-mir-1468,0.02531,0.00397506
152,hsa-mir-942,0.02226,0.00389402
153,hsa-mir-33a,0.02159,0.00385792
154,hsa-mir-616,0.0261,0.00380693
155,hsa-mir-181d,0.02163,0.00378387
156,hsa-mir-548e,0.06105,0.00376911
157,hsa-mir-3622a,0.04296,0.00373408
158,hsa-mir-18a,0.01711,0.0036772
159,hsa-mir-484,0.02996,0.0036634
160,hsa-mir-155,0.01598,0.00361847
161,hsa-mir-1283-1,0.02979,0.00360653
162,hsa-mir-425,0.0222,0.00359289
163,hsa-mir-7846,0.0979,0.00358817
164,hsa-mir-320b-2,0.03084,0.00357203
165,hsa-mir-499a,0.03672,0.00353648
166,hsa-mir-192,0.00981,0.0034958
167,hsa-mir-1249,0.03111,0.00348201
168,hsa-mir-28,0.02882,0.00345113
169,hsa-mir-4709,0.02294,0.00340173
170,hsa-mir-466,0.05254,0.00339509
171,hsa-mir-338,0.01665,0.003378
172,hsa-mir-522,0.01506,0.00337789
173,hsa-mir-6884,0.11096,0.00337161
174,hsa-mir-559,0.06456,0.00336156
175,hsa-mir-144,0.01523,0.00333904
176,hsa-mir-210,0.01158,0.00327107
177,hsa-mir-585,0.03276,0.00323781
178,hsa-mir-3129,0.05022,0.00322365
179,hsa-mir-551a,0.0319,0.00320678
180,hsa-mir-802,0.0389,0.00320079
181,hsa-mir-323a,0.01306,0.0031725
182,hsa-mir-4772,0.01873,0.00311744
183,hsa-mir-2110,0.03655,0.00306098
184,hsa-mir-204,0.01113,0.00303985
185,hsa-mir-3158-1,0.07622,0.00300068
186,hsa-mir-147b,0.02481,0.00297586
187,hsa-mir-1180,0.01863,0.00296569
188,hsa-mir-1915,0.10636,0.00291522
189,hsa-mir-887,0.0196,0.00288188
190,hsa-mir-363,0.01327,0.00283639
191,hsa-mir-370,0.01291,0.00281013
192,hsa-mir-4785,0.10977,0.00280306
193,hsa-mir-145,0.01633,0.00275338
194,hsa-mir-15b,0.02228,0.0027255
195,hsa-mir-3155a,0.11419,0.00267054
196,hsa-mir-383,0.01489,0.00265304
197,hsa-mir-378c,0.02091,0.00262275
198,hsa-mir-378d-1,0.06084,0.00257579
199,hsa-mir-1251,0.00908,0.00255902
200,hsa-mir-3934,0.02161,0.00255367
201,hsa-let-7d,0.02715,0.00254484
202,hsa-mir-3917,0.02853,0.00246159
203,hsa-mir-1277,0.02737,0.00244864
204,hsa-mir-3191,0.05798,0.00244603
205,hsa-mir-1254-1,0.04214,0.00240625
206,hsa-mir-4454,0.06017,0.00238603
207,hsa-mir-196a-2,0.00748,0.00238377
208,hsa-mir-622,0.12779,0.00237642
209,hsa-mir-3660,0.06931,0.00236377
210,hsa-mir-4648,0.14092,0.00236222
211,hsa-mir-193a,0.01913,0.00234301
212,hsa-mir-1301,0.01954,0.00230606
213,hsa-mir-181a-2,0.01591,0.00225751
214,hsa-mir-5193,0.0798,0.00225197
215,hsa-mir-140,0.02556,0.00225017
216,hsa-mir-3616,0.05703,0.00217723
217,hsa-mir-515-1,0.01625,0.00217437
218,hsa-mir-548au,0.04983,0.00216674
219,hsa-mir-509-1,0.01154,0.00216496
220,hsa-mir-4449,0.02741,0.00214147
221,hsa-mir-135b,0.00778,0.00211334
222,hsa-mir-3164,0.12837,0.00208313
223,hsa-mir-4501,0.03573,0.00206975
224,hsa-mir-6511b-1,0.02901,0.00205519
225,hsa-mir-4724,0.02591,0.00204118
226,hsa-mir-3615,0.02071,0.00203316
227,hsa-mir-1258,0.02897,0.00202565
228,hsa-mir-29c,0.01337,0.00200581
229,hsa-mir-3131,0.02581,0.0019991
230,hsa-let-7e,0.01781,0.00199303
231,hsa-mir-4435-1,0.11885,0.00198182
232,hsa-mir-1307,0.01876,0.00198022
233,hsa-mir-517b,0.01117,0.00195888
234,hsa-mir-599,0.03946,0.00195625
235,hsa-mir-6797,0.07349,0.00194406
236,hsa-mir-4326,0.01389,0.00189374
237,hsa-mir-3115,0.09731,0.00187934
238,hsa-mir-190a,0.02046,0.00187808
239,hsa-mir-3667,0.05401,0.00187245
240,hsa-mir-6764,0.06852,0.0018693
241,hsa-mir-34b,0.01321,0.00185951
242,hsa-mir-1245b,0.12297,0.00185845
243,hsa-mir-135a-1,0.00696,0.00184823
244,hsa-mir-1247,0.00852,0.00183299
245,hsa-mir-760,0.02012,0.00177967
246,hsa-mir-3157,0.04253,0.00172866
247,hsa-mir-5698,0.02127,0.00170596
248,hsa-let-7c,0.01053,0.00169712
249,hsa-mir-514a-1,0.00928,0.00169488
250,hsa-mir-2117,0.11056,0.00166318
251,hsa-mir-3182,0.13576,0.00166035
252,hsa-mir-3199-2,0.03265,0.00164681
253,hsa-mir-7-3,0.01681,0.00160441
254,hsa-mir-107,0.02247,0.00159577
255,hsa-mir-573,0.03158,0.00159529
256,hsa-mir-576,0.01893,0.00159284
257,hsa-mir-7155,0.06132,0.00158524
258,hsa-mir-450b,0.01228,0.00156097
259,hsa-mir-320d-1,0.04035,0.00154626
260,hsa-mir-6854,0.02519,0.00152484
261,hsa-mir-939,0.02933,0.00151577
262,hsa-mir-6739,0.0923,0.00150188
263,hsa-mir-136,0.00938,0.00150065
264,hsa-mir-151b,0.0201,0.00150004
265,hsa-mir-6885,0.07172,0.00150002
266,hsa-mir-429,0.00614,0.00149239
267,hsa-mir-1288,0.03573,0.00146752
268,hsa-mir-4797,0.03223,0.00146436
269,hsa-mir-1269b,0.00807,0.00145782
270,hsa-mir-7702,0.0153,0.00144713
271,hsa-mir-1305,0.02348,0.00143341
272,hsa-mir-6882,0.07189,0.00141545
273,hsa-mir-4654,0.09599,0.00139956
274,hsa-mir-4756,0.06467,0.00139213
275,hsa-mir-1245a,0.01649,0.00137929
276,hsa-mir-6720,0.0151,0.00137702
277,hsa-mir-365b,0.01466,0.00137659
278,hsa-mir-548aq,0.08788,0.00137111
279,hsa-mir-520d,0.01173,0.00137084
280,hsa-mir-550a-3,0.02433,0.00136164
281,hsa-mir-320d-2,0.04199,0.00133787
282,hsa-mir-3691,0.03319,0.0013325
283,hsa-mir-3944,0.03224,0.00132001
284,hsa-mir-6744,0.06303,0.00130695
285,hsa-mir-4751,0.112,0.00130019
286,hsa-mir-376a-2,0.01294,0.00129557
287,hsa-mir-3137,0.07091,0.00127546
288,hsa-mir-766,0.0144,0.00127538
289,hsa-mir-3937,0.02408,0.00126473
290,hsa-mir-1306,0.01554,0.00124779
291,hsa-mir-221,0.00953,0.00124603
292,hsa-mir-3187,0.03235,0.00124368
293,hsa-mir-7-2,0.01361,0.00123455
294,hsa-mir-205,0.0031,0.00123112
295,hsa-mir-509-2,0.00873,0.00122292
296,hsa-mir-3613,0.01631,0.00122085
297,hsa-mir-3607,0.00972,0.0012155
298,hsa-mir-548d-2,0.04678,0.00121476
299,hsa-mir-2114,0.02014,0.00120815
300,hsa-mir-95,0.01193,0.00120235
301,hsa-mir-582,0.01006,0.00119879
302,hsa-mir-551b,0.00839,0.00119627
303,hsa-mir-5683,0.0104,0.0011644
304,hsa-mir-4645,0.04006,0.00112029
305,hsa-mir-30b,0.01573,0.00110443
306,hsa-mir-4491,0.02577,0.00110046
307,hsa-mir-618,0.02127,0.00108706
308,hsa-mir-5001,0.02546,0.00108397
309,hsa-mir-6515,0.05721,0.00108387
310,hsa-mir-5187,0.03336,0.00108342
311,hsa-mir-3943,0.04676,0.00106134
312,hsa-mir-301a,0.01194,0.00102619
313,hsa-mir-5682,0.04158,0.00102227
314,hsa-mir-3190,0.04869,0.00102178
315,hsa-mir-4699,0.06976,0.00101359
316,hsa-mir-4759,0.11813,0.00101049
317,hsa-mir-1185-2,0.02834,0.00100784
318,hsa-mir-184,0.00636,0.00099737
319,hsa-mir-320c-2,0.0332,0.00099123
320,hsa-mir-4470,0.05562,0.00098225
321,hsa-mir-758,0.00726,0.00097868
322,hsa-mir-5091,0.02555,0.00095231
323,hsa-mir-5571,0.03185,0.00094441
324,hsa-mir-4419b,0.14097,0.00094074
325,hsa-mir-1914,0.05239,0.00093918
326,hsa-mir-4664,0.0212,0.00093388
327,hsa-mir-151a,0.01681,0.00092902
328,hsa-mir-3684,0.03489,0.00092789
329,hsa-mir-132,0.01376,0.0009236
330,hsa-mir-5680,0.03271,0.0009222
331,hsa-mir-4632,0.0467,0.00091854
332,hsa-mir-1266,0.01,0.00091617
333,hsa-mir-4674,0.0486,0.00091127
334,hsa-mir-548n,0.07541,0.00089205
335,hsa-mir-4728,0.01263,0.00088978
336,hsa-mir-3618,0.04746,0.00087923
337,hsa-mir-4675,0.07099,0.00087425
338,hsa-mir-552,0.0061,0.00087335
339,hsa-mir-1269a,0.00388,0.0008727
340,hsa-mir-339,0.01337,0.00084864
341,hsa-mir-4647,0.06345,0.00084667
342,hsa-mir-6877,0.03356,0.00084317
343,hsa-mir-10b,0.00736,0.00083051
344,hsa-mir-1225,0.06245,0.00082256
345,hsa-mir-581,0.02558,0.00079861
346,hsa-mir-489,0.02374,0.00077946
347,hsa-mir-6748,0.05002,0.00076701
348,hsa-mir-4425,0.1135,0.0007603
349,hsa-mir-449c,0.01812,0.00075556
350,hsa-mir-374b,0.01602,0.00074208
351,hsa-mir-342,0.01015,0.00072962
352,hsa-mir-20b,0.0057,0.00070995
353,hsa-mir-3619,0.02905,0.00070757
354,hsa-mir-10a,0.00473,0.00069978
355,hsa-mir-744,0.01078,0.00067415
356,hsa-mir-3919,0.04096,0.00066957
357,hsa-mir-7705,0.01543,0.00066683
358,hsa-mir-1304,0.01244,0.00066383
359,hsa-mir-6084,0.09273,0.00065842
360,hsa-mir-4732,0.02384,0.00064821
361,hsa-mir-1228,0.01663,0.00064157
362,hsa-mir-3609,0.02278,0.00064149
363,hsa-mir-3659,0.07726,0.00063269
364,hsa-mir-4707,0.02851,0.00062876
365,hsa-mir-1179,0.01322,0.00061296
366,hsa-mir-664a,0.01091,0.00060878
367,hsa-mir-4526,0.07703,0.00060503
368,hsa-mir-6761,0.01716,0.00060442
369,hsa-mir-514b,0.01371,0.00059803
370,hsa-mir-3150b,0.01113,0.00058926
371,hsa-mir-3662,0.01342,0.00058591
372,hsa-mir-451a,0.0059,0.00057903
373,hsa-mir-373,0.00418,0.00057696
374,hsa-mir-6766,0.04857,0.0005526
375,hsa-mir-4791,0.019,0.00054212
376,hsa-mir-5703,0.02822,0.00053919
377,hsa-mir-517c,0.00736,0.00052852
378,hsa-mir-93,0.00953,0.00052598
379,hsa-mir-6769a,0.04613,0.000525
380,hsa-mir-15a,0.01192,0.00052416
381,hsa-mir-4515,0.03944,0.00052355
382,hsa-mir-433,0.0075,0.00051398
383,hsa-mir-4668,0.01231,0.00051223
384,hsa-mir-3655,0.03132,0.00051121
385,hsa-mir-197,0.01068,0.00051108
386,hsa-mir-4714,0.02714,0.00050538
387,hsa-mir-302a,0.00409,0.00050395
388,hsa-mir-4536-2,0.04085,0.00050342
389,hsa-mir-5693,0.10755,0.0005011
390,hsa-mir-577,0.00481,0.0004906
391,hsa-mir-4662a,0.00713,0.00048956
392,hsa-mir-1285-1,0.05799,0.00048901
393,hsa-mir-154,0.00565,0.00048355
394,hsa-mir-3145,0.03749,0.00048335
395,hsa-mir-4727,0.03897,0.0004827
396,hsa-mir-642a,0.00913,0.00047556
397,hsa-mir-3200,0.00686,0.00047408
398,hsa-mir-4444-1,0.02273,0.00047334
399,hsa-mir-933,0.09211,0.00047182
400,hsa-mir-7110,0.03708,0.00046936
401,hsa-mir-4792,0.08451,0.00046638
402,hsa-mir-511,0.00698,0.00046476
403,hsa-mir-579,0.01629,0.00046039
404,hsa-mir-4755,0.0325,0.00045506
405,hsa-mir-2277,0.01431,0.00045103
406,hsa-mir-3617,0.03227,0.00044271
407,hsa-mir-4638,0.01534,0.00043176
408,hsa-mir-5579,0.01704,0.00042964
409,hsa-mir-134,0.00458,0.00042753
410,hsa-mir-662,0.04233,0.00042665
411,hsa-mir-6868,0.02118,0.00042605
412,hsa-mir-320e,0.03773,0.00042426
413,hsa-mir-3620,0.02743,0.00041803
414,hsa-mir-6777,0.02135,0.00041267
415,hsa-mir-876,0.01852,0.00040686
416,hsa-mir-216a,0.00702,0.00039636
417,hsa-mir-4745,0.01989,0.00037806
418,hsa-mir-548o-2,0.02366,0.00037785
419,hsa-mir-5090,0.02539,0.00037754
420,hsa-mir-4778,0.02092,0.00037499
421,hsa-mir-148a,0.00501,0.00037387
422,hsa-mir-6808,0.0219,0.00036472
423,hsa-mir-219a-1,0.00771,0.00035894
424,hsa-mir-9-3,0.00242,0.00035214
425,hsa-mir-6735,0.0321,0.00034982
426,hsa-mir-3074,0.00733,0.00034916
427,hsa-mir-6853,0.05087,0.00034697
428,hsa-mir-934,0.0053,0.00034691
429,hsa-mir-6716,0.017,0.00034518
430,hsa-mir-6842,0.009,0.00033959
431,hsa-mir-105-2,0.00286,0.00033553
432,hsa-mir-643,0.01449,0.00033534
433,hsa-mir-3138,0.03453,0.00033414
434,hsa-mir-4726,0.02383,0.00033327
435,hsa-mir-125a,0.00743,0.0003274
436,hsa-mir-6837,0.01512,0.0003266
437,hsa-mir-1295b,0.01356,0.00032591
438,hsa-mir-6809,0.07044,0.00032564
439,hsa-mir-3940,0.00988,0.0003216
440,hsa-mir-548f-4,0.05594,0.0003201
441,hsa-mir-520f,0.00424,0.00031191
442,hsa-mir-6774,0.03974,0.00031179
443,hsa-mir-455,0.00501,0.00029734
444,hsa-mir-548az,0.04859,0.00029317
445,hsa-mir-765,0.02222,0.00028315
446,hsa-mir-149,0.00389,0.00028033
447,hsa-mir-4789,0.03691,0.00027643
448,hsa-mir-4469,0.02991,0.00027209
449,hsa-mir-483,0.00337,0.00026905
450,hsa-mir-211,0.00684,0.00026843
451,hsa-mir-6827,0.04209,0.00026329
452,hsa-mir-3065,0.00398,0.00026327
453,hsa-mir-656,0.00737,0.00026062
454,hsa-mir-1193,0.03224,0.00025649
455,hsa-mir-769,0.00906,0.00025621
456,hsa-mir-3124,0.03483,0.00025336
457,hsa-mir-6820,0.01559,0.00025321
458,hsa-mir-6798,0.01791,0.00025251
459,hsa-mir-6762,0.02967,0.00025224
460,hsa-mir-6740,0.04539,0.00024914
461,hsa-mir-676,0.00677,0.00023207
462,hsa-mir-3680-1,0.02033,0.00023165
463,hsa-mir-4786,0.01265,0.00023137
464,hsa-mir-548j,0.01277,0.00022917
465,hsa-mir-4657,0.02873,0.00021699
466,hsa-mir-5706,0.0141,0.00021636
467,hsa-mir-5705,0.07026,0.00021145
468,hsa-mir-139,0.0045,0.00020956
469,hsa-mir-4763,0.02248,0.00020824
470,hsa-mir-4793,0.03409,0.00020819
471,hsa-mir-3678,0.01462,0.00020431
472,hsa-mir-4781,0.01837,0.0002038
473,hsa-mir-4713,0.01845,0.00019452
474,hsa-mir-4748,0.05232,0.00019274
475,hsa-mir-492,0.0391,0.00019137
476,hsa-mir-621,0.0607,0.00019023
477,hsa-mir-6814,0.02276,0.00018857
478,hsa-mir-6826,0.03629,0.00018568
479,hsa-mir-500a,0.00584,0.00018524
480,hsa-mir-935,0.00376,0.00018065
481,hsa-mir-4502,0.04823,0.00018024
482,hsa-mir-3174,0.01923,0.00018012
483,hsa-mir-548k,0.0159,0.00017912
484,hsa-mir-4779,0.06046,0.00017547
485,hsa-mir-5696,0.01642,0.00017481
486,hsa-mir-3161,0.01061,0.00017409
487,hsa-mir-6892,0.00793,0.00017082
488,hsa-mir-432,0.00314,0.00017023
489,hsa-mir-580,0.01044,0.0001683
490,hsa-mir-1275,0.01136,0.00016615
491,hsa-mir-125b-2,0.00347,0.00016089
492,hsa-mir-5684,0.01132,0.00016064
493,hsa-mir-206,0.00225,0.00015739
494,hsa-mir-4676,0.01068,0.00014918
495,hsa-mir-329-2,0.00516,0.00014522
496,hsa-mir-330,0.00493,0.00014476
497,hsa-mir-4661,0.00452,0.00014422
498,hsa-mir-629,0.00463,0.00013836
499,hsa-mir-548l,0.02747,0.00013757
500,hsa-mir-4739,0.02477,0.00013696
501,hsa-mir-1197,0.00891,0.00013653
502,hsa-mir-891a,0.00193,0.00013361
503,hsa-mir-4649,0.01771,0.00013082
504,hsa-mir-4658,0.01258,0.00013032
505,hsa-mir-6831,0.06058,0.00013001
506,hsa-mir-5687,0.01192,0.00012865
507,hsa-mir-607,0.01281,0.0001281
508,hsa-mir-636,0.01268,0.00012772
509,hsa-mir-1295a,0.00676,0.00012759
510,hsa-mir-3117,0.00749,0.00012724
511,hsa-mir-653,0.00367,0.00012542
512,hsa-mir-7156,0.00685,0.00012488
513,hsa-mir-548y,0.00776,0.00012238
514,hsa-mir-6715b,0.00691,0.00012036
515,hsa-mir-3651,0.00527,0.0001198
516,hsa-mir-6738,0.03006,0.00011919
517,hsa-mir-4771-1,0.03252,0.00011817
518,hsa-mir-3690-1,0.00742,0.00011633
519,hsa-mir-4685,0.0142,0.00011594
520,hsa-mir-6844,0.01596,0.00011568
521,hsa-mir-3130-1,0.00487,0.00010853
522,hsa-mir-6838,0.03825,0.00010712
523,hsa-mir-603,0.06646,0.00010633
524,hsa-mir-4665,0.01293,0.00010539
525,hsa-mir-6512,0.01277,0.00010486
526,hsa-mir-4524a,0.01644,0.00010396
527,hsa-mir-7111,0.03765,0.00010276
528,hsa-mir-1224,0.00343,0.00010268
529,hsa-mir-193b,0.00315,0.0001014
530,hsa-mir-3139,0.03251,9.97E-05
531,hsa-mir-6501,0.011,9.86E-05
532,hsa-mir-6812,0.02623,9.76E-05
533,hsa-mir-486-1,0.0027,9.73E-05
534,hsa-mir-584,0.00249,9.50E-05
535,hsa-mir-4680,0.01583,9.35E-05
536,hsa-mir-605,0.01023,9.19E-05
537,hsa-mir-100,0.00282,9.19E-05
538,hsa-mir-1323,0.00303,9.18E-05
539,hsa-mir-4640,0.01097,9.14E-05
540,hsa-mir-3912,0.00714,8.75E-05
541,hsa-mir-3136,0.00805,8.74E-05
542,hsa-mir-5088,0.03136,8.69E-05
543,hsa-mir-3689a,0.01809,8.68E-05
544,hsa-let-7f-1,0.00386,8.48E-05
545,hsa-mir-1343,0.00653,8.47E-05
546,hsa-mir-6726,0.0163,8.26E-05
547,hsa-mir-133b,0.00247,8.02E-05
548,hsa-mir-4446,0.00918,7.89E-05
549,hsa-mir-6746,0.02398,7.79E-05
550,hsa-mir-1286,0.02463,7.75E-05
551,hsa-mir-524,0.00339,7.68E-05
552,hsa-mir-4445,0.00972,7.62E-05
553,hsa-mir-1289-1,0.03287,7.60E-05
554,hsa-mir-4691,0.01399,7.45E-05
555,hsa-mir-3664,0.0069,7.40E-05
556,hsa-mir-4753,0.01769,7.34E-05
557,hsa-mir-4254,0.02931,7.28E-05
558,hsa-mir-3166,0.01833,7.16E-05
559,hsa-mir-6870,0.02197,7.05E-05
560,hsa-mir-6750,0.01422,6.43E-05
561,hsa-mir-296,0.00243,6.38E-05
562,hsa-mir-6087,0.01349,6.28E-05
563,hsa-mir-4521,0.00636,6.24E-05
564,hsa-mir-7112,0.00776,6.22E-05
565,hsa-mir-4423,0.00539,6.19E-05
566,hsa-mir-6734,0.01115,6.00E-05
567,hsa-mir-500b,0.00367,5.95E-05
568,hsa-mir-6894,0.01412,5.91E-05
569,hsa-mir-1248,0.00315,5.83E-05
570,hsa-mir-5685,0.0196,5.62E-05
571,hsa-mir-6728,0.00872,5.58E-05
572,hsa-mir-4690,0.01453,5.49E-05
573,hsa-mir-3936,0.01718,5.41E-05
574,hsa-mir-25,0.00384,5.37E-05
575,hsa-mir-3198-1,0.02694,4.88E-05
576,hsa-mir-3194,0.00758,4.83E-05
577,hsa-mir-5697,0.02226,4.75E-05
578,hsa-mir-1262,0.00451,4.74E-05
579,hsa-mir-6733,0.00815,4.61E-05
580,hsa-mir-4667,0.02107,4.41E-05
581,hsa-mir-548q,0.0112,4.11E-05
582,hsa-mir-4669,0.01955,4.06E-05
583,hsa-mir-1237,0.01574,4.00E-05
584,hsa-mir-517a,0.00157,3.88E-05
585,hsa-mir-4660,0.00554,3.76E-05
586,hsa-mir-6804,0.01819,3.65E-05
587,hsa-mir-548t,0.00744,3.64E-05
588,hsa-mir-3154,0.00913,3.59E-05
589,hsa-mir-873,0.00332,3.56E-05
590,hsa-mir-548ba,0.00723,3.48E-05
591,hsa-let-7a-3,0.00338,3.38E-05
592,hsa-mir-6736,0.01664,3.30E-05
593,hsa-mir-6887,0.01282,3.27E-05
594,hsa-mir-3680-2,0.01033,3.19E-05
595,hsa-mir-6743,0.01482,3.12E-05
596,hsa-mir-23c,0.00503,3.10E-05
597,hsa-mir-1-2,0.00121,3.06E-05
598,hsa-mir-4306,0.01439,2.84E-05
599,hsa-mir-6860,0.00579,2.80E-05
600,hsa-mir-549a,0.00438,2.79E-05
601,hsa-mir-6855,0.00908,2.74E-05
602,hsa-mir-937,0.00207,2.64E-05
603,hsa-mir-5708,0.0061,2.55E-05
604,hsa-mir-7161,0.00442,2.52E-05
605,hsa-mir-412,0.0013,2.32E-05
606,hsa-mir-4517,0.0062,2.27E-05
607,hsa-mir-4431,0.00479,2.26E-05
608,hsa-mir-4758,0.00428,2.19E-05
609,hsa-mir-2113,0.00498,2.16E-05
610,hsa-mir-4768,0.00874,2.09E-05
611,hsa-mir-4742,0.00377,2.08E-05
612,hsa-mir-196b,0.00064,2.04E-05
613,hsa-mir-6801,0.0129,2.00E-05
614,hsa-mir-3193,0.00383,1.95E-05
615,hsa-mir-3918,0.0134,1.90E-05
616,hsa-mir-4773-2,0.00807,1.85E-05
617,hsa-mir-32,0.00178,1.76E-05
618,hsa-mir-1538,0.00535,1.59E-05
619,hsa-mir-138-1,0.00103,1.55E-05
620,hsa-mir-7844,0.00623,1.52E-05
621,hsa-mir-6793,0.00496,1.49E-05
622,hsa-mir-4766,0.00336,1.49E-05
623,hsa-mir-4461,0.00232,1.46E-05
624,hsa-mir-548b,0.00195,1.45E-05
625,hsa-mir-3127,0.00186,1.44E-05
626,hsa-mir-4762,0.00449,1.33E-05
627,hsa-mir-3176,0.00394,1.24E-05
628,hsa-mir-3152,0.00415,1.11E-05
629,hsa-mir-6773,0.00632,1.10E-05
631,hsa-mir-3183,0.00776,1.02E-05
630,hsa-mir-641,0.00419,1.02E-05
632,hsa-mir-3688-2,0.00969,1.00E-05
633,hsa-mir-335,0.00094,9.75E-06
634,hsa-mir-6502,0.00346,9.14E-06
635,hsa-mir-570,0.00227,8.83E-06
636,hsa-mir-5584,0.0058,8.78E-06
637,hsa-mir-3939,0.00616,7.62E-06
638,hsa-mir-491,0.00121,6.78E-06
639,hsa-mir-494,0.0009,6.39E-06
640,hsa-mir-6880,0.00817,6.31E-06
641,hsa-mir-7641-1,0.00207,6.27E-06
642,hsa-mir-1254-2,0.00207,6.07E-06
643,hsa-mir-3188,0.0035,5.65E-06
644,hsa-mir-659,0.0017,5.48E-06
645,hsa-mir-3158-2,0.00378,5.14E-06
646,hsa-mir-6780b,0.0063,4.55E-06
647,hsa-mir-6508,0.00464,4.53E-06
649,hsa-mir-4434,0.00396,4.44E-06
648,hsa-mir-2355,0.00097,4.44E-06
650,hsa-mir-378d-2,0.00201,3.63E-06
651,hsa-mir-5694,0.00236,3.27E-06
652,hsa-mir-6754,0.00402,3.09E-06
653,hsa-mir-23a,0.00081,3.06E-06
654,hsa-mir-548aw,0.00225,2.95E-06
655,hsa-mir-377,0.00051,2.87E-06
656,hsa-mir-5690,0.00201,2.75E-06
657,hsa-mir-548ah,0.0069,2.53E-06
658,hsa-mir-1256,0.00368,2.48E-06
659,hsa-mir-6781,0.00197,2.10E-06
660,hsa-mir-6749,0.00364,1.64E-06
661,hsa-mir-1243,0.00139,1.18E-06
662,hsa-mir-133a-2,0.00024,1.08E-06
663,hsa-mir-22,0.00037,4.60E-07
664,hsa-mir-670,0.00085,3.70E-07
665,hsa-mir-4683,0.00076,3.10E-07
666,hsa-mir-4433b,0.00089,3.00E-07
667,hsa-mir-320a,0.00019,1.50E-07
668,hsa-mir-5100,0.00174,1.40E-07
669,hsa-mir-2116,0.00029,1.10E-07
670,hsa-mir-612,0.00037,9.00E-08
671,hsa-mir-6851,0.00013,0
672,hsa-mir-3653,2.00E-05,0
673,hsa-mir-99b,0,0
674,hsa-mir-99a,0,0
675,hsa-mir-98,0,0
676,hsa-mir-943,0,0
677,hsa-mir-941-1,0,0
678,hsa-mir-940,0,0
679,hsa-mir-938,0,0
680,hsa-mir-936,0,0
681,hsa-mir-92b,0,0
682,hsa-mir-92a-2,0,0
683,hsa-mir-92a-1,0,0
684,hsa-mir-922,0,0
685,hsa-mir-921,0,0
686,hsa-mir-9-2,0,0
687,hsa-mir-9-1,0,0
688,hsa-mir-892c,0,0
689,hsa-mir-892b,0,0
690,hsa-mir-892a,0,0
691,hsa-mir-890,0,0
692,hsa-mir-889,0,0
693,hsa-mir-888,0,0
694,hsa-mir-875,0,0
695,hsa-mir-874,0,0
696,hsa-mir-8086,0,0
697,hsa-mir-8085,0,0
698,hsa-mir-8083,0,0
699,hsa-mir-8082,0,0
700,hsa-mir-8079,0,0
701,hsa-mir-8077,0,0
702,hsa-mir-8076,0,0
703,hsa-mir-8075,0,0
704,hsa-mir-8074,0,0
705,hsa-mir-8073,0,0
706,hsa-mir-8072,0,0
707,hsa-mir-8071-1,0,0
708,hsa-mir-8070,0,0
709,hsa-mir-8066,0,0
710,hsa-mir-8065,0,0
711,hsa-mir-8064,0,0
712,hsa-mir-8063,0,0
713,hsa-mir-8059,0,0
714,hsa-mir-8058,0,0
715,hsa-mir-8057,0,0
716,hsa-mir-8052,0,0
717,hsa-mir-7978,0,0
718,hsa-mir-7977,0,0
719,hsa-mir-7976,0,0
720,hsa-mir-7975,0,0
721,hsa-mir-7974,0,0
722,hsa-mir-7973-2,0,0
723,hsa-mir-7973-1,0,0
724,hsa-mir-7856,0,0
725,hsa-mir-7855,0,0
726,hsa-mir-7854,0,0
727,hsa-mir-7853,0,0
728,hsa-mir-7852,0,0
729,hsa-mir-7851,0,0
730,hsa-mir-7850,0,0
731,hsa-mir-7849,0,0
732,hsa-mir-7848,0,0
733,hsa-mir-7847,0,0
734,hsa-mir-7845,0,0
735,hsa-mir-7843,0,0
736,hsa-mir-7706,0,0
737,hsa-mir-7704,0,0
738,hsa-mir-7703,0,0
739,hsa-mir-770,0,0
740,hsa-mir-7641-2,0,0
741,hsa-mir-764,0,0
742,hsa-mir-762,0,0
743,hsa-mir-761,0,0
744,hsa-mir-718,0,0
745,hsa-mir-7162,0,0
746,hsa-mir-7160,0,0
747,hsa-mir-7159,0,0
748,hsa-mir-7158,0,0
749,hsa-mir-7157,0,0
750,hsa-mir-7154,0,0
751,hsa-mir-7153,0,0
752,hsa-mir-7152,0,0
753,hsa-mir-7151,0,0
754,hsa-mir-7150,0,0
755,hsa-mir-7114,0,0
756,hsa-mir-7113,0,0
757,hsa-mir-711,0,0
758,hsa-mir-7109,0,0
759,hsa-mir-7108,0,0
760,hsa-mir-7107,0,0
761,hsa-mir-7106,0,0
762,hsa-mir-708,0,0
763,hsa-mir-7-1,0,0
764,hsa-mir-6895,0,0
765,hsa-mir-6893,0,0
766,hsa-mir-6891,0,0
767,hsa-mir-6890,0,0
768,hsa-mir-6889,0,0
769,hsa-mir-6888,0,0
770,hsa-mir-6886,0,0
771,hsa-mir-6883,0,0
772,hsa-mir-6881,0,0
773,hsa-mir-6879,0,0
774,hsa-mir-6878,0,0
775,hsa-mir-6876,0,0
776,hsa-mir-6875,0,0
777,hsa-mir-6874,0,0
778,hsa-mir-6873,0,0
779,hsa-mir-6872,0,0
780,hsa-mir-6871,0,0
781,hsa-mir-6869,0,0
782,hsa-mir-6867,0,0
783,hsa-mir-6866,0,0
784,hsa-mir-6865,0,0
785,hsa-mir-6864,0,0
786,hsa-mir-6863,0,0
787,hsa-mir-6862-2,0,0
788,hsa-mir-6862-1,0,0
789,hsa-mir-6861,0,0
790,hsa-mir-6859-4,0,0
791,hsa-mir-6858,0,0
792,hsa-mir-6857,0,0
793,hsa-mir-6856,0,0
794,hsa-mir-6852,0,0
795,hsa-mir-6850,0,0
796,hsa-mir-6849,0,0
797,hsa-mir-6848,0,0
798,hsa-mir-6847,0,0
799,hsa-mir-6846,0,0
800,hsa-mir-6845,0,0
801,hsa-mir-6843,0,0
802,hsa-mir-6841,0,0
803,hsa-mir-6840,0,0
804,hsa-mir-6839,0,0
805,hsa-mir-6836,0,0
806,hsa-mir-6835,0,0
807,hsa-mir-6834,0,0
808,hsa-mir-6833,0,0
809,hsa-mir-6832,0,0
810,hsa-mir-6830,0,0
811,hsa-mir-6829,0,0
812,hsa-mir-6828,0,0
813,hsa-mir-6825,0,0
814,hsa-mir-6824,0,0
815,hsa-mir-6823,0,0
816,hsa-mir-6822,0,0
817,hsa-mir-6821,0,0
818,hsa-mir-6819,0,0
819,hsa-mir-6817,0,0
820,hsa-mir-6816,0,0
821,hsa-mir-6815,0,0
822,hsa-mir-6813,0,0
823,hsa-mir-6811,0,0
824,hsa-mir-6810,0,0
825,hsa-mir-6807,0,0
826,hsa-mir-6806,0,0
827,hsa-mir-6805,0,0
828,hsa-mir-6803,0,0
829,hsa-mir-6802,0,0
830,hsa-mir-6800,0,0
831,hsa-mir-6799,0,0
832,hsa-mir-6796,0,0
833,hsa-mir-6795,0,0
834,hsa-mir-6794,0,0
835,hsa-mir-6792,0,0
836,hsa-mir-6791,0,0
837,hsa-mir-6790,0,0
838,hsa-mir-6789,0,0
839,hsa-mir-6788,0,0
840,hsa-mir-6787,0,0
841,hsa-mir-6786,0,0
842,hsa-mir-6785,0,0
843,hsa-mir-6784,0,0
844,hsa-mir-6783,0,0
845,hsa-mir-6782,0,0
846,hsa-mir-6780a,0,0
847,hsa-mir-6779,0,0
848,hsa-mir-6778,0,0
849,hsa-mir-6776,0,0
850,hsa-mir-6775,0,0
851,hsa-mir-6772,0,0
852,hsa-mir-6771,0,0
853,hsa-mir-6770-3,0,0
854,hsa-mir-6770-2,0,0
855,hsa-mir-6770-1,0,0
856,hsa-mir-6769b,0,0
857,hsa-mir-6768,0,0
858,hsa-mir-6767,0,0
859,hsa-mir-6765,0,0
860,hsa-mir-6763,0,0
861,hsa-mir-6760,0,0
862,hsa-mir-6759,0,0
863,hsa-mir-6758,0,0
864,hsa-mir-6757,0,0
865,hsa-mir-6756,0,0
866,hsa-mir-6755,0,0
867,hsa-mir-6753,0,0
868,hsa-mir-6752,0,0
869,hsa-mir-6751,0,0
870,hsa-mir-6747,0,0
871,hsa-mir-6745,0,0
872,hsa-mir-6742,0,0
873,hsa-mir-6741,0,0
874,hsa-mir-6737,0,0
875,hsa-mir-6732,0,0
876,hsa-mir-6731,0,0
877,hsa-mir-6730,0,0
878,hsa-mir-6729,0,0
879,hsa-mir-6727,0,0
880,hsa-mir-6723,0,0
881,hsa-mir-6722,0,0
882,hsa-mir-6721,0,0
883,hsa-mir-6719,0,0
884,hsa-mir-6718,0,0
885,hsa-mir-6717,0,0
886,hsa-mir-6715a,0,0
887,hsa-mir-668,0,0
888,hsa-mir-665,0,0
889,hsa-mir-663b,0,0
890,hsa-mir-663a,0,0
891,hsa-mir-661,0,0
892,hsa-mir-660,0,0
893,hsa-mir-658,0,0
894,hsa-mir-657,0,0
895,hsa-mir-655,0,0
896,hsa-mir-654,0,0
897,hsa-mir-652,0,0
898,hsa-mir-6516,0,0
899,hsa-mir-6513,0,0
900,hsa-mir-6507,0,0
901,hsa-mir-6506,0,0
902,hsa-mir-6505,0,0
903,hsa-mir-6504,0,0
904,hsa-mir-6503,0,0
905,hsa-mir-6500,0,0
906,hsa-mir-650,0,0
907,hsa-mir-6499,0,0
908,hsa-mir-648,0,0
909,hsa-mir-647,0,0
910,hsa-mir-646,0,0
911,hsa-mir-645,0,0
912,hsa-mir-644a,0,0
913,hsa-mir-642b,0,0
914,hsa-mir-640,0,0
915,hsa-mir-639,0,0
916,hsa-mir-638,0,0
917,hsa-mir-637,0,0
918,hsa-mir-635,0,0
919,hsa-mir-634,0,0
920,hsa-mir-633,0,0
921,hsa-mir-631,0,0
922,hsa-mir-630,0,0
923,hsa-mir-626,0,0
924,hsa-mir-625,0,0
925,hsa-mir-624,0,0
926,hsa-mir-623,0,0
927,hsa-mir-620,0,0
928,hsa-mir-619,0,0
929,hsa-mir-617,0,0
930,hsa-mir-6165,0,0
931,hsa-mir-614,0,0
932,hsa-mir-6134,0,0
933,hsa-mir-6133,0,0
934,hsa-mir-6132,0,0
935,hsa-mir-6131,0,0
936,hsa-mir-6130,0,0
937,hsa-mir-613,0,0
938,hsa-mir-6129,0,0
939,hsa-mir-6128,0,0
940,hsa-mir-6126,0,0
941,hsa-mir-6125,0,0
942,hsa-mir-6124,0,0
943,hsa-mir-611,0,0
944,hsa-mir-610,0,0
945,hsa-mir-6090,0,0
946,hsa-mir-609,0,0
947,hsa-mir-6089-1,0,0
948,hsa-mir-6088,0,0
949,hsa-mir-6085,0,0
950,hsa-mir-6083,0,0
951,hsa-mir-6081,0,0
952,hsa-mir-6080,0,0
953,hsa-mir-608,0,0
954,hsa-mir-6079,0,0
955,hsa-mir-6077,0,0
956,hsa-mir-6076,0,0
957,hsa-mir-6075,0,0
958,hsa-mir-6073,0,0
959,hsa-mir-6072,0,0
960,hsa-mir-6071,0,0
961,hsa-mir-6070,0,0
962,hsa-mir-606,0,0
963,hsa-mir-604,0,0
964,hsa-mir-602,0,0
965,hsa-mir-601,0,0
966,hsa-mir-600,0,0
967,hsa-mir-597,0,0
968,hsa-mir-596,0,0
969,hsa-mir-595,0,0
970,hsa-mir-593,0,0
971,hsa-mir-591,0,0
972,hsa-mir-589,0,0
973,hsa-mir-588,0,0
974,hsa-mir-587,0,0
975,hsa-mir-586,0,0
976,hsa-mir-583,0,0
977,hsa-mir-5787,0,0
978,hsa-mir-578,0,0
979,hsa-mir-575,0,0
980,hsa-mir-574,0,0
981,hsa-mir-572,0,0
982,hsa-mir-571,0,0
983,hsa-mir-5707,0,0
984,hsa-mir-5704,0,0
985,hsa-mir-5702,0,0
986,hsa-mir-5700,0,0
987,hsa-mir-5695,0,0
988,hsa-mir-5692c-2,0,0
989,hsa-mir-5692c-1,0,0
990,hsa-mir-5692a-2,0,0
991,hsa-mir-5692a-1,0,0
992,hsa-mir-5691,0,0
993,hsa-mir-569,0,0
994,hsa-mir-5689,0,0
995,hsa-mir-5688,0,0
996,hsa-mir-5681b,0,0
997,hsa-mir-5681a,0,0
998,hsa-mir-568,0,0
999,hsa-mir-567,0,0
1000,hsa-mir-564,0,0
1001,hsa-mir-563,0,0
1002,hsa-mir-561,0,0
1003,hsa-mir-5591,0,0
1004,hsa-mir-5590,0,0
1005,hsa-mir-5588,0,0
1006,hsa-mir-5587,0,0
1007,hsa-mir-5585,0,0
1008,hsa-mir-5583-2,0,0
1009,hsa-mir-5583-1,0,0
1010,hsa-mir-5582,0,0
1011,hsa-mir-5581,0,0
1012,hsa-mir-5580,0,0
1013,hsa-mir-558,0,0
1014,hsa-mir-5572,0,0
1015,hsa-mir-555,0,0
1016,hsa-mir-554,0,0
1017,hsa-mir-553,0,0
1018,hsa-mir-550b-2,0,0
1019,hsa-mir-550b-1,0,0
1020,hsa-mir-550a-2,0,0
1021,hsa-mir-550a-1,0,0
1022,hsa-mir-548x-2,0,0
1023,hsa-mir-548x,0,0
1024,hsa-mir-548w,0,0
1025,hsa-mir-548v,0,0
1026,hsa-mir-548u,0,0
1027,hsa-mir-548p,0,0
1028,hsa-mir-548o,0,0
1029,hsa-mir-548m,0,0
1030,hsa-mir-548i-1,0,0
1031,hsa-mir-548h-5,0,0
1032,hsa-mir-548h-4,0,0
1033,hsa-mir-548h-3,0,0
1034,hsa-mir-548h-1,0,0
1035,hsa-mir-548f-5,0,0
1036,hsa-mir-548f-1,0,0
1037,hsa-mir-548d-1,0,0
1038,hsa-mir-548bb,0,0
1039,hsa-mir-548ay,0,0
1040,hsa-mir-548ax,0,0
1041,hsa-mir-548av,0,0
1042,hsa-mir-548at,0,0
1043,hsa-mir-548as,0,0
1044,hsa-mir-548ar,0,0
1045,hsa-mir-548ap,0,0
1046,hsa-mir-548ao,0,0
1047,hsa-mir-548an,0,0
1048,hsa-mir-548am,0,0
1049,hsa-mir-548al,0,0
1050,hsa-mir-548ak,0,0
1051,hsa-mir-548aj-1,0,0
1052,hsa-mir-548ai,0,0
1053,hsa-mir-548ag-2,0,0
1054,hsa-mir-548ag-1,0,0
1055,hsa-mir-548ad,0,0
1056,hsa-mir-548ac,0,0
1057,hsa-mir-548ab,0,0
1058,hsa-mir-548aa-2,0,0
1059,hsa-mir-548aa-1,0,0
1060,hsa-mir-548a-3,0,0
1061,hsa-mir-548a-2,0,0
1062,hsa-mir-545,0,0
1063,hsa-mir-544b,0,0
1064,hsa-mir-544a,0,0
1065,hsa-mir-526a-2,0,0
1066,hsa-mir-525,0,0
1067,hsa-mir-523,0,0
1068,hsa-mir-521-2,0,0
1069,hsa-mir-520h,0,0
1070,hsa-mir-520c,0,0
1071,hsa-mir-520a,0,0
1072,hsa-mir-519e,0,0
1073,hsa-mir-519c,0,0
1074,hsa-mir-519b,0,0
1075,hsa-mir-519a-2,0,0
1076,hsa-mir-519a-1,0,0
1077,hsa-mir-5197,0,0
1078,hsa-mir-5196,0,0
1079,hsa-mir-5195,0,0
1080,hsa-mir-5194,0,0
1081,hsa-mir-5192,0,0
1082,hsa-mir-5191,0,0
1083,hsa-mir-5190,0,0
1084,hsa-mir-518e,0,0
1085,hsa-mir-518c,0,0
1086,hsa-mir-518b,0,0
1087,hsa-mir-518a-2,0,0
1088,hsa-mir-5189,0,0
1089,hsa-mir-5188,0,0
1090,hsa-mir-516b-2,0,0
1091,hsa-mir-516b-1,0,0
1092,hsa-mir-515-2,0,0
1093,hsa-mir-514a-3,0,0
1094,hsa-mir-514a-2,0,0
1095,hsa-mir-513c,0,0
1096,hsa-mir-513b,0,0
1097,hsa-mir-513a-2,0,0
1098,hsa-mir-513a-1,0,0
1099,hsa-mir-510,0,0
1100,hsa-mir-5095,0,0
1101,hsa-mir-5094,0,0
1102,hsa-mir-5093,0,0
1103,hsa-mir-5092,0,0
1104,hsa-mir-5089,0,0
1105,hsa-mir-5087,0,0
1106,hsa-mir-507,0,0
1107,hsa-mir-5047,0,0
1108,hsa-mir-503,0,0
1109,hsa-mir-502,0,0
1110,hsa-mir-5011,0,0
1111,hsa-mir-5010,0,0
1112,hsa-mir-501,0,0
1113,hsa-mir-5009,0,0
1114,hsa-mir-5008,0,0
1115,hsa-mir-5007,0,0
1116,hsa-mir-5006,0,0
1117,hsa-mir-5004,0,0
1118,hsa-mir-5003,0,0
1119,hsa-mir-5002,0,0
1120,hsa-mir-5000,0,0
1121,hsa-mir-499b,0,0
1122,hsa-mir-4999,0,0
1123,hsa-mir-498,0,0
1124,hsa-mir-495,0,0
1125,hsa-mir-493,0,0
1126,hsa-mir-490,0,0
1127,hsa-mir-485,0,0
1128,hsa-mir-4804,0,0
1129,hsa-mir-4803,0,0
1130,hsa-mir-4802,0,0
1131,hsa-mir-4800,0,0
1132,hsa-mir-4799,0,0
1133,hsa-mir-4798,0,0
1134,hsa-mir-4796,0,0
1135,hsa-mir-4795,0,0
1136,hsa-mir-4794,0,0
1137,hsa-mir-4790,0,0
1138,hsa-mir-4787,0,0
1139,hsa-mir-4784,0,0
1140,hsa-mir-4783,0,0
1141,hsa-mir-4782,0,0
1142,hsa-mir-4780,0,0
1143,hsa-mir-4777,0,0
1144,hsa-mir-4776-2,0,0
1145,hsa-mir-4776-1,0,0
1146,hsa-mir-4775,0,0
1147,hsa-mir-4774,0,0
1148,hsa-mir-4773-1,0,0
1149,hsa-mir-4771-2,0,0
1150,hsa-mir-4770,0,0
1151,hsa-mir-4769,0,0
1152,hsa-mir-4767,0,0
1153,hsa-mir-4765,0,0
1154,hsa-mir-4764,0,0
1155,hsa-mir-4761,0,0
1156,hsa-mir-4760,0,0
1157,hsa-mir-4757,0,0
1158,hsa-mir-4754,0,0
1159,hsa-mir-4752,0,0
1160,hsa-mir-4750,0,0
1161,hsa-mir-4749,0,0
1162,hsa-mir-4747,0,0
1163,hsa-mir-4746,0,0
1164,hsa-mir-4744,0,0
1165,hsa-mir-4743,0,0
1166,hsa-mir-4741,0,0
1167,hsa-mir-4740,0,0
1168,hsa-mir-4738,0,0
1169,hsa-mir-4737,0,0
1170,hsa-mir-4736,0,0
1171,hsa-mir-4735,0,0
1172,hsa-mir-4734,0,0
1173,hsa-mir-4733,0,0
1174,hsa-mir-4731,0,0
1175,hsa-mir-4730,0,0
1176,hsa-mir-4729,0,0
1177,hsa-mir-4725,0,0
1178,hsa-mir-4723,0,0
1179,hsa-mir-4722,0,0
1180,hsa-mir-4721,0,0
1181,hsa-mir-4720,0,0
1182,hsa-mir-4719,0,0
1183,hsa-mir-4718,0,0
1184,hsa-mir-4717,0,0
1185,hsa-mir-4716,0,0
1186,hsa-mir-4715,0,0
1187,hsa-mir-4712,0,0
1188,hsa-mir-4711,0,0
1189,hsa-mir-4710,0,0
1190,hsa-mir-4708,0,0
1191,hsa-mir-4706,0,0
1192,hsa-mir-4705,0,0
1193,hsa-mir-4704,0,0
1194,hsa-mir-4703,0,0
1195,hsa-mir-4701,0,0
1196,hsa-mir-4700,0,0
1197,hsa-mir-4698,0,0
1198,hsa-mir-4697,0,0
1199,hsa-mir-4696,0,0
1200,hsa-mir-4695,0,0
1201,hsa-mir-4694,0,0
1202,hsa-mir-4693,0,0
1203,hsa-mir-4692,0,0
1204,hsa-mir-4689,0,0
1205,hsa-mir-4688,0,0
1206,hsa-mir-4687,0,0
1207,hsa-mir-4686,0,0
1208,hsa-mir-4682,0,0
1209,hsa-mir-4681,0,0
1210,hsa-mir-4679-2,0,0
1211,hsa-mir-4679-1,0,0
1212,hsa-mir-4678,0,0
1213,hsa-mir-4677,0,0
1214,hsa-mir-4673,0,0
1215,hsa-mir-4672,0,0
1216,hsa-mir-4671,0,0
1217,hsa-mir-4670,0,0
1218,hsa-mir-4666b,0,0
1219,hsa-mir-4666a,0,0
1220,hsa-mir-4663,0,0
1221,hsa-mir-4662b,0,0
1222,hsa-mir-4659b,0,0
1223,hsa-mir-4659a,0,0
1224,hsa-mir-4656,0,0
1225,hsa-mir-4655,0,0
1226,hsa-mir-4653,0,0
1227,hsa-mir-4652,0,0
1228,hsa-mir-4651,0,0
1229,hsa-mir-4650-2,0,0
1230,hsa-mir-4650-1,0,0
1231,hsa-mir-4646,0,0
1232,hsa-mir-4644,0,0
1233,hsa-mir-4643,0,0
1234,hsa-mir-4642,0,0
1235,hsa-mir-4641,0,0
1236,hsa-mir-4639,0,0
1237,hsa-mir-4637,0,0
1238,hsa-mir-4636,0,0
1239,hsa-mir-4635,0,0
1240,hsa-mir-4634,0,0
1241,hsa-mir-4633,0,0
1242,hsa-mir-4540,0,0
1243,hsa-mir-4539,0,0
1244,hsa-mir-4538,0,0
1245,hsa-mir-4537,0,0
1246,hsa-mir-4536-1,0,0
1247,hsa-mir-4534,0,0
1248,hsa-mir-4533,0,0
1249,hsa-mir-4532,0,0
1250,hsa-mir-4530,0,0
1251,hsa-mir-4529,0,0
1252,hsa-mir-4528,0,0
1253,hsa-mir-4527,0,0
1254,hsa-mir-4525,0,0
1255,hsa-mir-4524b,0,0
1256,hsa-mir-4523,0,0
1257,hsa-mir-4522,0,0
1258,hsa-mir-4520-2,0,0
1259,hsa-mir-4520-1,0,0
1260,hsa-mir-451b,0,0
1261,hsa-mir-4519,0,0
1262,hsa-mir-4518,0,0
1263,hsa-mir-4516,0,0
1264,hsa-mir-4513,0,0
1265,hsa-mir-4512,0,0
1266,hsa-mir-4511,0,0
1267,hsa-mir-4510,0,0
1268,hsa-mir-450a-2,0,0
1269,hsa-mir-4509-3,0,0
1270,hsa-mir-4509-1,0,0
1271,hsa-mir-4508,0,0
1272,hsa-mir-4507,0,0
1273,hsa-mir-4506,0,0
1274,hsa-mir-4505,0,0
1275,hsa-mir-4504,0,0
1276,hsa-mir-4503,0,0
1277,hsa-mir-4500,0,0
1278,hsa-mir-4499,0,0
1279,hsa-mir-4498,0,0
1280,hsa-mir-4497,0,0
1281,hsa-mir-4496,0,0
1282,hsa-mir-4495,0,0
1283,hsa-mir-4494,0,0
1284,hsa-mir-4493,0,0
1285,hsa-mir-4492,0,0
1286,hsa-mir-4490,0,0
1287,hsa-mir-4489,0,0
1288,hsa-mir-4488,0,0
1289,hsa-mir-4487,0,0
1290,hsa-mir-4485,0,0
1291,hsa-mir-4484,0,0
1292,hsa-mir-4483,0,0
1293,hsa-mir-4482,0,0
1294,hsa-mir-4480,0,0
1295,hsa-mir-448,0,0
1296,hsa-mir-4479,0,0
1297,hsa-mir-4478,0,0
1298,hsa-mir-4476,0,0
1299,hsa-mir-4475,0,0
1300,hsa-mir-4474,0,0
1301,hsa-mir-4473,0,0
1302,hsa-mir-4471,0,0
1303,hsa-mir-4468,0,0
1304,hsa-mir-4467,0,0
1305,hsa-mir-4466,0,0
1306,hsa-mir-4465,0,0
1307,hsa-mir-4464,0,0
1308,hsa-mir-4463,0,0
1309,hsa-mir-4462,0,0
1310,hsa-mir-4460,0,0
1311,hsa-mir-4459,0,0
1312,hsa-mir-4458,0,0
1313,hsa-mir-4457,0,0
1314,hsa-mir-4456,0,0
1315,hsa-mir-4453,0,0
1316,hsa-mir-4452,0,0
1317,hsa-mir-4451,0,0
1318,hsa-mir-4450,0,0
1319,hsa-mir-4448,0,0
1320,hsa-mir-4444-2,0,0
1321,hsa-mir-4442,0,0
1322,hsa-mir-4441,0,0
1323,hsa-mir-4439,0,0
1324,hsa-mir-4438,0,0
1325,hsa-mir-4437,0,0
1326,hsa-mir-4436b-2,0,0
1327,hsa-mir-4436b-1,0,0
1328,hsa-mir-4436a,0,0
1329,hsa-mir-4435-2,0,0
1330,hsa-mir-4433a,0,0
1331,hsa-mir-4432,0,0
1332,hsa-mir-4430,0,0
1333,hsa-mir-4429,0,0
1334,hsa-mir-4428,0,0
1335,hsa-mir-4427,0,0
1336,hsa-mir-4426,0,0
1337,hsa-mir-4424,0,0
1338,hsa-mir-4422,0,0
1339,hsa-mir-4420,0,0
1340,hsa-mir-4418,0,0
1341,hsa-mir-4417,0,0
1342,hsa-mir-4324,0,0
1343,hsa-mir-4323,0,0
1344,hsa-mir-4322,0,0
1345,hsa-mir-4321,0,0
1346,hsa-mir-4320,0,0
1347,hsa-mir-4317,0,0
1348,hsa-mir-4315-2,0,0
1349,hsa-mir-4315-1,0,0
1350,hsa-mir-4314,0,0
1351,hsa-mir-4313,0,0
1352,hsa-mir-4312,0,0
1353,hsa-mir-4310,0,0
1354,hsa-mir-4308,0,0
1355,hsa-mir-4305,0,0
1356,hsa-mir-4304,0,0
1357,hsa-mir-4302,0,0
1358,hsa-mir-4300,0,0
1359,hsa-mir-4296,0,0
1360,hsa-mir-4295,0,0
1361,hsa-mir-4292,0,0
1362,hsa-mir-4290,0,0
1363,hsa-mir-4289,0,0
1364,hsa-mir-4288,0,0
1365,hsa-mir-4286,0,0
1366,hsa-mir-4285,0,0
1367,hsa-mir-4284,0,0
1368,hsa-mir-4283-1,0,0
1369,hsa-mir-4281,0,0
1370,hsa-mir-4280,0,0
1371,hsa-mir-4279,0,0
1372,hsa-mir-4278,0,0
1373,hsa-mir-4270,0,0
1374,hsa-mir-4267,0,0
1375,hsa-mir-4264,0,0
1376,hsa-mir-4263,0,0
1377,hsa-mir-4262,0,0
1378,hsa-mir-4260,0,0
1379,hsa-mir-4259,0,0
1380,hsa-mir-4258,0,0
1381,hsa-mir-4257,0,0
1382,hsa-mir-4256,0,0
1383,hsa-mir-4253,0,0
1384,hsa-mir-424,0,0
1385,hsa-mir-422a,0,0
1386,hsa-mir-421,0,0
1387,hsa-mir-411,0,0
1388,hsa-mir-410,0,0
1389,hsa-mir-3978,0,0
1390,hsa-mir-3975,0,0
1391,hsa-mir-3972,0,0
1392,hsa-mir-3960,0,0
1393,hsa-mir-3945,0,0
1394,hsa-mir-3941,0,0
1395,hsa-mir-3938,0,0
1396,hsa-mir-3935,0,0
1397,hsa-mir-3929,0,0
1398,hsa-mir-3927,0,0
1399,hsa-mir-3926-2,0,0
1400,hsa-mir-3926-1,0,0
1401,hsa-mir-3925,0,0
1402,hsa-mir-3924,0,0
1403,hsa-mir-3923,0,0
1404,hsa-mir-3922,0,0
1405,hsa-mir-3921,0,0
1406,hsa-mir-3920,0,0
1407,hsa-mir-3916,0,0
1408,hsa-mir-3915,0,0
1409,hsa-mir-3914-2,0,0
1410,hsa-mir-3914-1,0,0
1411,hsa-mir-3913-2,0,0
1412,hsa-mir-3913-1,0,0
1413,hsa-mir-3911,0,0
1414,hsa-mir-3910-2,0,0
1415,hsa-mir-3910-1,0,0
1416,hsa-mir-3909,0,0
1417,hsa-mir-3908,0,0
1418,hsa-mir-3907,0,0
1419,hsa-mir-380,0,0
1420,hsa-mir-378j,0,0
1421,hsa-mir-378i,0,0
1422,hsa-mir-378h,0,0
1423,hsa-mir-378g,0,0
1424,hsa-mir-378f,0,0
1425,hsa-mir-378e,0,0
1426,hsa-mir-378b,0,0
1427,hsa-mir-376b,0,0
1428,hsa-mir-376a-1,0,0
1429,hsa-mir-374a,0,0
1430,hsa-mir-372,0,0
1431,hsa-mir-371b,0,0
1432,hsa-mir-371a,0,0
1433,hsa-mir-3714,0,0
1434,hsa-mir-3692,0,0
1435,hsa-mir-3689f,0,0
1436,hsa-mir-3689e,0,0
1437,hsa-mir-3689d-2,0,0
1438,hsa-mir-3689c,0,0
1439,hsa-mir-3689b,0,0
1440,hsa-mir-3688-1,0,0
1441,hsa-mir-3686,0,0
1442,hsa-mir-3685,0,0
1443,hsa-mir-3683,0,0
1444,hsa-mir-3682,0,0
1445,hsa-mir-3681,0,0
1446,hsa-mir-3679,0,0
1447,hsa-mir-3677,0,0
1448,hsa-mir-3675,0,0
1449,hsa-mir-3674,0,0
1450,hsa-mir-3672,0,0
1451,hsa-mir-3671,0,0
1452,hsa-mir-367,0,0
1453,hsa-mir-3668,0,0
1454,hsa-mir-3666,0,0
1455,hsa-mir-3665,0,0
1456,hsa-mir-3663,0,0
1457,hsa-mir-3661,0,0
1458,hsa-mir-365a,0,0
1459,hsa-mir-3658,0,0
1460,hsa-mir-3657,0,0
1461,hsa-mir-3656,0,0
1462,hsa-mir-3654,0,0
1463,hsa-mir-3650,0,0
1464,hsa-mir-3649,0,0
1465,hsa-mir-3646,0,0
1466,hsa-mir-3622b,0,0
1467,hsa-mir-3621,0,0
1468,hsa-mir-3612,0,0
1469,hsa-mir-3611,0,0
1470,hsa-mir-3606,0,0
1471,hsa-mir-3591,0,0
1472,hsa-mir-3529,0,0
1473,hsa-mir-34a,0,0
1474,hsa-mir-340,0,0
1475,hsa-mir-329-1,0,0
1476,hsa-mir-325,0,0
1477,hsa-mir-323b,0,0
1478,hsa-mir-320c-1,0,0
1479,hsa-mir-320b-1,0,0
1480,hsa-mir-3202-2,0,0
1481,hsa-mir-3202-1,0,0
1482,hsa-mir-3199-1,0,0
1483,hsa-mir-3198-2,0,0
1484,hsa-mir-3197,0,0
1485,hsa-mir-3196,0,0
1486,hsa-mir-3195,0,0
1487,hsa-mir-3192,0,0
1488,hsa-mir-3186,0,0
1489,hsa-mir-3185,0,0
1490,hsa-mir-3184,0,0
1491,hsa-mir-3181,0,0
1492,hsa-mir-3180-5,0,0
1493,hsa-mir-3180-4,0,0
1494,hsa-mir-3180-3,0,0
1495,hsa-mir-3180-2,0,0
1496,hsa-mir-3180-1,0,0
1497,hsa-mir-3178,0,0
1498,hsa-mir-3177,0,0
1499,hsa-mir-3175,0,0
1500,hsa-mir-3173,0,0
1501,hsa-mir-3171,0,0
1502,hsa-mir-3170,0,0
1503,hsa-mir-3169,0,0
1504,hsa-mir-3168,0,0
1505,hsa-mir-3167,0,0
1506,hsa-mir-3165,0,0
1507,hsa-mir-3163,0,0
1508,hsa-mir-3162,0,0
1509,hsa-mir-3160-2,0,0
1510,hsa-mir-3160-1,0,0
1511,hsa-mir-3159,0,0
1512,hsa-mir-3156-3,0,0
1513,hsa-mir-3156-2,0,0
1514,hsa-mir-3156-1,0,0
1515,hsa-mir-3155b,0,0
1516,hsa-mir-3153,0,0
1517,hsa-mir-3151,0,0
1518,hsa-mir-3150a,0,0
1519,hsa-mir-3149,0,0
1520,hsa-mir-3148,0,0
1521,hsa-mir-3147,0,0
1522,hsa-mir-3146,0,0
1523,hsa-mir-3144,0,0
1524,hsa-mir-3143,0,0
1525,hsa-mir-3142,0,0
1526,hsa-mir-3141,0,0
1527,hsa-mir-3140,0,0
1528,hsa-mir-3135b,0,0
1529,hsa-mir-3135a,0,0
1530,hsa-mir-3134,0,0
1531,hsa-mir-3133,0,0
1532,hsa-mir-3132,0,0
1533,hsa-mir-3130-2,0,0
1534,hsa-mir-3128,0,0
1535,hsa-mir-3126,0,0
1536,hsa-mir-3125,0,0
1537,hsa-mir-3122,0,0
1538,hsa-mir-3121,0,0
1539,hsa-mir-3120,0,0
1540,hsa-mir-3119-2,0,0
1541,hsa-mir-3119-1,0,0
1542,hsa-mir-3116-2,0,0
1543,hsa-mir-3116-1,0,0
1544,hsa-mir-30d,0,0
1545,hsa-mir-30c-2,0,0
1546,hsa-mir-30c-1,0,0
1547,hsa-mir-30a,0,0
1548,hsa-mir-3064,0,0
1549,hsa-mir-302e,0,0
1550,hsa-mir-302d,0,0
1551,hsa-mir-302c,0,0
1552,hsa-mir-302b,0,0
1553,hsa-mir-300,0,0
1554,hsa-mir-29b-2,0,0
1555,hsa-mir-29b-1,0,0
1556,hsa-mir-29a,0,0
1557,hsa-mir-298,0,0
1558,hsa-mir-2909,0,0
1559,hsa-mir-2861,0,0
1560,hsa-mir-27b,0,0
1561,hsa-mir-27a,0,0
1562,hsa-mir-26b,0,0
1563,hsa-mir-26a-2,0,0
1564,hsa-mir-2682,0,0
1565,hsa-mir-2681,0,0
1566,hsa-mir-2467,0,0
1567,hsa-mir-24-2,0,0
1568,hsa-mir-24-1,0,0
1569,hsa-mir-2392,0,0
1570,hsa-mir-2278,0,0
1571,hsa-mir-2276,0,0
1572,hsa-mir-222,0,0
1573,hsa-mir-219b,0,0
1574,hsa-mir-218-2,0,0
1575,hsa-mir-218-1,0,0
1576,hsa-mir-217,0,0
1577,hsa-mir-214,0,0
1578,hsa-mir-212,0,0
1579,hsa-mir-208b,0,0
1580,hsa-mir-208a,0,0
1581,hsa-mir-2052,0,0
1582,hsa-mir-19b-1,0,0
1583,hsa-mir-19a,0,0
1584,hsa-mir-199a-2,0,0
1585,hsa-mir-199a-1,0,0
1586,hsa-mir-198,0,0
1587,hsa-mir-1976,0,0
1588,hsa-mir-1973,0,0
1589,hsa-mir-1972-1,0,0
1590,hsa-mir-196a-1,0,0
1591,hsa-mir-195,0,0
1592,hsa-mir-194-2,0,0
1593,hsa-mir-194-1,0,0
1594,hsa-mir-1913,0,0
1595,hsa-mir-1912,0,0
1596,hsa-mir-1911,0,0
1597,hsa-mir-1909,0,0
1598,hsa-mir-1908,0,0
1599,hsa-mir-188,0,0
1600,hsa-mir-186,0,0
1601,hsa-mir-185,0,0
1602,hsa-mir-1827,0,0
1603,hsa-mir-1825,0,0
1604,hsa-mir-182,0,0
1605,hsa-mir-181b-1,0,0
1606,hsa-mir-16-2,0,0
1607,hsa-mir-16-1,0,0
1608,hsa-mir-1587,0,0
1609,hsa-mir-1539,0,0
1610,hsa-mir-153-1,0,0
1611,hsa-mir-152,0,0
1612,hsa-mir-148b,0,0
1613,hsa-mir-147a,0,0
1614,hsa-mir-146b,0,0
1615,hsa-mir-146a,0,0
1616,hsa-mir-1469,0,0
1617,hsa-mir-141,0,0
1618,hsa-mir-133a-1,0,0
1619,hsa-mir-1322,0,0
1620,hsa-mir-130b,0,0
1621,hsa-mir-1303,0,0
1622,hsa-mir-1302-5,0,0
1623,hsa-mir-1302-3,0,0
1624,hsa-mir-1299,0,0
1625,hsa-mir-1297,0,0
1626,hsa-mir-1294,0,0
1627,hsa-mir-1293,0,0
1628,hsa-mir-1292,0,0
1629,hsa-mir-1291,0,0
1630,hsa-mir-1290,0,0
1631,hsa-mir-1289-2,0,0
1632,hsa-mir-1287,0,0
1633,hsa-mir-1285-2,0,0
1634,hsa-mir-1284,0,0
1635,hsa-mir-1283-2,0,0
1636,hsa-mir-1282,0,0
1637,hsa-mir-1281,0,0
1638,hsa-mir-128-2,0,0
1639,hsa-mir-1278,0,0
1640,hsa-mir-1276,0,0
1641,hsa-mir-1273h,0,0
1642,hsa-mir-1273g,0,0
1643,hsa-mir-1273c,0,0
1644,hsa-mir-1273a,0,0
1645,hsa-mir-1272,0,0
1646,hsa-mir-1270,0,0
1647,hsa-mir-1268b,0,0
1648,hsa-mir-1268a,0,0
1649,hsa-mir-1267,0,0
1650,hsa-mir-1265,0,0
1651,hsa-mir-1264,0,0
1652,hsa-mir-1263,0,0
1653,hsa-mir-1260b,0,0
1654,hsa-mir-1260a,0,0
1655,hsa-mir-126,0,0
1656,hsa-mir-125b-1,0,0
1657,hsa-mir-1257,0,0
1658,hsa-mir-1255b-2,0,0
1659,hsa-mir-1255a,0,0
1660,hsa-mir-1253,0,0
1661,hsa-mir-1252,0,0
1662,hsa-mir-1250,0,0
1663,hsa-mir-1246,0,0
1664,hsa-mir-1244-3,0,0
1665,hsa-mir-1244-2,0,0
1666,hsa-mir-1244-1,0,0
1667,hsa-mir-124-3,0,0
1668,hsa-mir-124-1,0,0
1669,hsa-mir-1238,0,0
1670,hsa-mir-1236,0,0
1671,hsa-mir-1234,0,0
1672,hsa-mir-1233-2,0,0
1673,hsa-mir-1233-1,0,0
1674,hsa-mir-1231,0,0
1675,hsa-mir-1229,0,0
1676,hsa-mir-1227,0,0
1677,hsa-mir-1226,0,0
1678,hsa-mir-1207,0,0
1679,hsa-mir-1206,0,0
1680,hsa-mir-1205,0,0
1681,hsa-mir-1204,0,0
1682,hsa-mir-1203,0,0
1683,hsa-mir-1200,0,0
1684,hsa-mir-1199,0,0
1685,hsa-mir-1185-1,0,0
1686,hsa-mir-1184-3,0,0
1687,hsa-mir-1184-2,0,0
1688,hsa-mir-1184-1,0,0
1689,hsa-mir-1183,0,0
1690,hsa-mir-1182,0,0
1691,hsa-mir-1181,0,0
1692,hsa-mir-1178,0,0
1693,hsa-mir-106b,0,0
1694,hsa-mir-103b-2,0,0
1695,hsa-mir-103a-2,0,0
1696,hsa-mir-103a-1,0,0
1697,hsa-mir-101-1,0,0
1698,hsa-mir-1-1,0,0
1699,hsa-let-7f-2,0,0
1700,hsa-let-7b,0,0
1701,hsa-let-7a-2,0,0
1702,hsa-let-7a-1,0,0
